Serial,"Asset Tag"
018308103451,LP99013
018270303451,LP99011
018301103451,LP99012
0B33RX6220833F,LP99024
018337602651,LP99014
017841702651,LP99007
026374603551,LP99001
033686204151,LP99018
018252303451,LP99009
006316504851,LP99004
018194502651,LP99008
000539402851,LP99003
027520503551,LP99016
013232302751,LP99005
0B33CJ823463GP,LP24030
0B33CPV23463GP,LP24031
0B33CJ423463GP,LP24032
0B33CVV23463GP,LP24033
0B33CV923463GP,LP24034
0B33CTW23463GP,LP24035
0B3389J24303GP,LP24036
0B338F724303GP,LP24037
0B33CPH23463GP,LP24038
0B338BX24303GP,LP24039
0B33CTQ23463GP,LP24040
0B33CMG23463GP,LP24041
0B33CQB23463GP,LP24042
0B33CM423463GP,LP24043
0B33CMC23463GP,LP24044
0B33CMW23463GP,LP24045
0B33CMR23463GP,LP24046
0B33CR923463GP,LP24047
0B33CMQ23463GP,LP24048
0B33CJX23463GP,LP24049
0B33F4R24433GP,LP24050
0B33CHW23463GP,LP24051
0B33CJJ23463GP,LP24052
0B33CH423463GP,LP24053
0B33CMX23463GP,LP24054
0B333XV23193GP,LP24055
0B33CMP23463GP,LP24056
0B33CMB23463GP,LP24057
0B33CVW23463GP,LP24058
0B33CV323463GP,LP24059
0B33CH823463GP,LP24060
0B33CV423463GP,LP24061
0B33CVX23463GP,LP24062
0B33CVJ23463GP,LP24063
0B33CV723463GP,LP24064
0B33CK723463GP,LP24065
0B33CPT23463GP,LP24066
0B33CJC23463GP,LP24067
0B33CH623463GP,LP24068
0B33CVP23463GP,LP24069
0B33CQW23463GP,LP24070
0B33CHF23463GP,LP24071
0B33CTG23463GP,LP24072
0B333H323193GP,LP24073
0B33CVG23463GP,LP24074
0B33CR723463GP,LP24075
0B33CHJ23463GP,LP24076
0B33CP323463GP,LP24077
0B33J9C23463GP,LP24078
0B33CJD23463GP,LP24079
0B33CJ323463GP,LP24080
0B33CP423463GP,LP24081
0B33CQ623463GP,LP24082
0B33CKV23463GP,LP24083
0B33CQG23463GP,LP24084
0B33CPP23463GP,LP24085
018285403451,LP99022
018269203451,LP99021
033153604151,LP99010
027562603551,LP99020
028080303551,LP99015
027685703551,LP99019
0B33VG724193GP,LP24001
0B33VH824193GP,LP24002
0B337XG24283GP,LP24003
0B3384B24283GP,LP24004
0B337X424283GP,LP24005
0B337YY24283GP,LP24006
0B33VGH24193GP,LP24007
0B337V924283GP,LP24008
0B337VV24283GP,LP24009
0B337R624283GP,LP24010
0B3384C24283GP,LP24011
0B337W824283GP,LP24012
0B33VGP24193GP,LP24013
0B33VJX24193GP,LP24014
0B33VG824193GP,LP24015
0B33VJB24193GP,LP24016
0B33VGQ24193GP,LP24017
0B33VHY24193GP,LP24018
0B33VH724193GP,LP24019
0B33VJY24193GP,LP24020
0B33VH424193GP,LP24021
0B33VH324193GP,LP24022
0B33VHF24193GP,LP24023
0B33VGD24193GP,LP24024
0B33VJ624193GP,LP24025
0B33VGF24193GP,LP24026
0B33VGB24193GP,LP24027
0F3BCTK24333HH,LP24028
0F399FD24333HH,LP24029
0F00DNK23353CX,DP23004
MP2B0117,DP24001
0B33XKX23373GP,LP22004
0B344RP23373GP,LP22005
0B344MG23373GP,LP22006
0B3463923373GP,LP22007
0B3463D23373GP,LP22008
0B344GP23373GP,LP22009
0B33XD723373GP,LP22010
0B33XQW23373GP,LP22011
0B344DG23373GP,LP22012
0B344FR23373GP,LP22013
0B33XTB23373GP,LP22014
0B33VJQ23383GP,LP22015
0B33VQ323383GP,LP22016
0B33XHR23373GP,LP22017
0B33XVD23373GP,LP22018
0B33XXV23373GP,LP22019
0B3463C23373GP,LP22020
0B33VHP23383GP,LP22021
0B344F923373GP,LP22022
0B344M323373GP,LP22023
0B33XGG23373GP,LP22024
0B3446V23373GP,LP22025
0B3463P23373GP,LP22026
0B33XM323373GP,LP22027
050387503053,LP22001
028106403551,LP99032
028069303551,LP99031
030847602551,LP99017
016212202851,LP99006
030054202651,LP99037
029390502351,LP99027
029918602651,LP99028
030300102551,LP99029
033101604151,LP99030
028430402651,LP99035
028182703551,LP99026
028110203551,LP99033
028113603551,LP99034
028141503551,LP99025
029190702651,LP99036
035018402551,LP99038
2KL5H03,DP19001
2KJZG03,DP19002
018434104051,LP99002
FX6CP03,LP19001
YX07B1RE,LP23001
MP26R89C,DP22001
1K0FYJ3,LP21001
BQ0FYJ3,LP21002
FY6WH03,DP19003
MJ0L11F4,DP23001
042959603053,LP22002
069397102453,LP22003
MJ0L11F5,DP23002
MJ0L11F3,DP23003
0B3393Y230433F,LP99039
067273310451,LP99040
012924302651,LP99041
027870403551,LP99042
027602403551,LP99043
042761102051,LP99044
027672403551,LP99045
003389502851,LP99046
0B33CKM213733F,LP99047
0B33896213733F,LP99048
028011203551,LP99049
018012202451,LP99050
018443102651,LP99051
018036303451,LP99052
028961211151,LP99053
017897302651,LP99054
018633702651,LP99055
017586102651,LP99056
013513102651,LP99057
004321401951,LP99058
017491602651,LP99059
018926202651,LP99060
017670702651,LP99061
011587604051,LP99062
018275503451,LP99063
005540704051,LP99064
000736502851,LP99065
018031103451,LP99066
023684502951,LP99067
B9BQB94,LP24086
16WQB94,LP24087
JKB2V94,DP24002
018006603451,LP99068
018005702651,LP99069
008828201851,LP99070
018007503451,LP99071
017850702651,LP99072
017904702651,LP99073
013233202751,LP99074
018010403451,LP99075
004972604051,LP99076
013081101951,LP99077
013235702751,LP99078
011056104051,LP99079
009532201951,LP99080
028472502651,LP99081
004983404051,LP99082
013929402651,LP99083
017895502651,LP99084
002542105351,LP99085
018297103451,LP99086
018293503451,LP99087
018283603451,LP99088
018039703451,LP99089
018265603451,LP99090
025047312451,LP99091
018266503451,LP99092
018262203451,LP99093
018249403451,LP99094
018257503451,LP99095
018260403451,LP99096
018263103451,LP99097
018264703451,LP99098
018272103451,LP99099
025559202651,LP99100
025188403551,LP99101
018276403451,LP99102
018279103451,LP99103
018268303451,LP99104
013234102751,LP99105
027599303551,LP99106
013048502651,LP99107
002940602851,LP99108
018296203451,LP99109
018305403451,LP99110
018306303451,LP99111
018304503451,LP99112
018294403451,LP99113
018299603451,LP99114
018300203451,LP99115
027699203551,LP99116
018290103451,LP99117
018277303451,LP99118
018040103451,LP99119
018022103451,LP99120
018035403451,LP99121
027514203551,LP99122
018024603451,LP99123
018034503451,LP99124
018278203451,LP99125
018291703451,LP99126
018289703451,LP99127
018281102651,LP99128
018280203451,LP99129
000788512551,LP99130
018303603451,LP99131
018286303451,LP99132
018284503451,LP99133
0B33FM4213733F,LP99134
0B33CPQ213733F,LP99135
0B33FXW213733F,LP99136
0B33FHR213733F,LP99137
0B34Y4X213733F,LP99138
028170303551,LP99139
025807603551,LP99140
02835640281,LP99141
004927604051,LP99142
018019203451,LP99143
033803404151,LP99144
018533102651,LP99145
002359202851,LP99146
008571701851,LP99147
017935302651,LP99148
018018303451,LP99149
010465502851,LP99150
017560202651,LP99151
012949302651,LP99152
014393102651,LP99153
014604602651,LP99154
K031LW24L0210,SB99001
018613202651,LP99155
011742602851,LP99156
F102KW23B03690,SB99002
K141PW51S0174,SB24001
2KL6H03,DP19004
033100702651,LP99157
